{
  "title":"Class 6 Slides: Expectation, variance, law of large numbers and central limit theorem",
  "description": "This is a resource file that contains information regarding expectation, variance, law of large numbers and central limit theorem.",
  "file": "/courses/18-05-introduction-to-probability-and-statistics-spring-2014/02acf9c6c77fd88840dffc2265ee14ce_MIT18_05S14_class6slides.pdf",
  "learning_resource_types": ["Lecture Notes"],
  "resource_type": "Document",
  "file_type": "application/pdf"}
