{
  "title":"Image 2",
  "description": "",
  "file": "/courses/18-05-introduction-to-probability-and-statistics-spring-2014/858cf45da94a2a3c06df15efde1d60e3_gallery1-2.jpg",
  "learning_resource_types": [],
  "resource_type": "Image",
  "file_type": "image/jpeg",
  "image_metadata": {"caption":"Class began with announcements, addenda from the previous class meeting, and a brief outline of the topics to be covered that day. This part of class was typically short, lasting a few minutes at most.","credit":"Image courtesy of OCW.","image-alt":"An instructor stands and speaks to a classroom of students. A dozen students are pictured, sitting around two round tables. Projector screens show a comic and a set of dice."}}
