{
  "title":"Image 4-1",
  "description": "",
  "file": "/courses/18-05-introduction-to-probability-and-statistics-spring-2014/32319eba4765765b81e984ddb4201848_gallery4-1.jpg",
  "learning_resource_types": [],
  "resource_type": "Image",
  "file_type": "image/jpeg",
  "image_metadata": {"caption":"We usually projected the problem statements on the screens. We generally aimed for two or three board problems. More than three seemed like too much; by the third time, students were generally becoming sluggish in getting up to work on the problems at the board.","credit":"Image courtesy of OCW.","image-alt":"An instructor stands amidst seated students. The screen on the wall shows a slide with a math problem for the students to work on."}}
