{
  "title":"18-05s14.jpg",
  "description": "Bayesian updating with conjugate normal distributions. (Image by Jerry Orloff and Jonathan Bloom.)",
  "file": "/courses/18-05-introduction-to-probability-and-statistics-spring-2014/c16c76a278bc037b6226b880e87201b4_18-05s14.jpg",
  "learning_resource_types": [],
  "resource_type": "Image",
  "file_type": "image/jpeg",
  "image_metadata": {"caption":"Bayesian updating with conjugate normal distributions. (Image by Jerry Orloff and Jonathan Bloom.)","credit":"Image by Jerry Orloff and Jonathan Bloom.","image-alt":"A graph plot with 5 curves in different colors."}}
