<?xml version="1.0" encoding="utf-8" standalone="yes"?>
<rss version="2.0" xmlns:atom="http://www.w3.org/2005/Atom">
  <channel>
    <title>Lecture Notes on MIT OpenCourseWare</title>
    <link>/resources/lecture-notes/</link>
    <description>Recent content in Lecture Notes on MIT OpenCourseWare</description>
    <generator>Hugo -- gohugo.io</generator>
    <language>en-us</language><atom:link href="/resources/lecture-notes/index.xml" rel="self" type="application/rss+xml" />
    <item>
      <title>Class 1 Slides: Introduction, counting and sets</title>
      <link>/resources/mit18_05s14_class1_slides/data.json</link>
      <pubDate>Mon, 01 Jan 0001 00:00:00 +0000</pubDate>
      
      <guid>/resources/mit18_05s14_class1_slides/data.json</guid>
      <description>This is a resource file that contains information regarding class 1.</description>
    </item>
    
    <item>
      <title>Class 1 Slides: Introduction, counting and sets</title>
      <link>/resources/mit18_05s14_class1slides/data.json</link>
      <pubDate>Mon, 01 Jan 0001 00:00:00 +0000</pubDate>
      
      <guid>/resources/mit18_05s14_class1slides/data.json</guid>
      <description>This is a resource file that contains information regarding introduction, counting and sets.</description>
    </item>
    
    <item>
      <title>Class 10 Slides: Introduction to statistics; maximum likelihood estimates</title>
      <link>/resources/mit18_05s14_class10_slides/data.json</link>
      <pubDate>Mon, 01 Jan 0001 00:00:00 +0000</pubDate>
      
      <guid>/resources/mit18_05s14_class10_slides/data.json</guid>
      <description>This is a resource file that contains information regarding class 10.</description>
    </item>
    
    <item>
      <title>Class 10 Slides: Introduction to statistics; maximum likelihood estimates</title>
      <link>/resources/mit18_05s14_class10slides/data.json</link>
      <pubDate>Mon, 01 Jan 0001 00:00:00 +0000</pubDate>
      
      <guid>/resources/mit18_05s14_class10slides/data.json</guid>
      <description>This is a resource file that contains information regarding introduction to statistics; maximum likelihood estimates.</description>
    </item>
    
    <item>
      <title>Class 11 Slides: Bayesian updating with known discrete priors</title>
      <link>/resources/mit18_05s14_class11_slides/data.json</link>
      <pubDate>Mon, 01 Jan 0001 00:00:00 +0000</pubDate>
      
      <guid>/resources/mit18_05s14_class11_slides/data.json</guid>
      <description>This is a resource file that contains information regarding class 11.</description>
    </item>
    
    <item>
      <title>Class 11 Slides: Bayesian updating with known discrete priors</title>
      <link>/resources/mit18_05s14_class11slides/data.json</link>
      <pubDate>Mon, 01 Jan 0001 00:00:00 +0000</pubDate>
      
      <guid>/resources/mit18_05s14_class11slides/data.json</guid>
      <description>This is a resource file that contains information regarding bayesian updating with known discrete priors.</description>
    </item>
    
    <item>
      <title>Class 12 Slides: Bayesian updating: probabilistic prediction; odds</title>
      <link>/resources/mit18_05s14_class12_slides/data.json</link>
      <pubDate>Mon, 01 Jan 0001 00:00:00 +0000</pubDate>
      
      <guid>/resources/mit18_05s14_class12_slides/data.json</guid>
      <description>This is a resource file that contains information regarding class 12.</description>
    </item>
    
    <item>
      <title>Class 12 Slides: Bayesian updating: probabilistic prediction; odds</title>
      <link>/resources/mit18_05s14_class12slides/data.json</link>
      <pubDate>Mon, 01 Jan 0001 00:00:00 +0000</pubDate>
      
      <guid>/resources/mit18_05s14_class12slides/data.json</guid>
      <description>This is a resource file that contains information regarding bayesian updating: probabilistic prediction; odds.</description>
    </item>
    
    <item>
      <title>Class 13 Slides: Bayesian updating: continuous prior, discrete data</title>
      <link>/resources/mit18_05s14_class13_slides/data.json</link>
      <pubDate>Mon, 01 Jan 0001 00:00:00 +0000</pubDate>
      
      <guid>/resources/mit18_05s14_class13_slides/data.json</guid>
      <description>This is a resource file that contains information regarding class 13.</description>
    </item>
    
    <item>
      <title>Class 13 Slides: Bayesian updating: continuous prior, discrete data</title>
      <link>/resources/mit18_05s14_class13slides/data.json</link>
      <pubDate>Mon, 01 Jan 0001 00:00:00 +0000</pubDate>
      
      <guid>/resources/mit18_05s14_class13slides/data.json</guid>
      <description>This is a resource file that contains information regarding bayesian updating: continuous prior, discrete data.</description>
    </item>
    
    <item>
      <title>Class 14 Slides: Beta distributions: continuous data</title>
      <link>/resources/mit18_05s14_class14_slides/data.json</link>
      <pubDate>Mon, 01 Jan 0001 00:00:00 +0000</pubDate>
      
      <guid>/resources/mit18_05s14_class14_slides/data.json</guid>
      <description>This is a resource file that contains information regarding class 14.</description>
    </item>
    
    <item>
      <title>Class 14 Slides: Beta distributions: continuous data</title>
      <link>/resources/mit18_05s14_class14slides/data.json</link>
      <pubDate>Mon, 01 Jan 0001 00:00:00 +0000</pubDate>
      
      <guid>/resources/mit18_05s14_class14slides/data.json</guid>
      <description>This is a resource file that contains information regarding beta distributions: continuous data.</description>
    </item>
    
    <item>
      <title>Class 15 Slides: Conjugate priors; choosing priors</title>
      <link>/resources/mit18_05s14_class15_slides/data.json</link>
      <pubDate>Mon, 01 Jan 0001 00:00:00 +0000</pubDate>
      
      <guid>/resources/mit18_05s14_class15_slides/data.json</guid>
      <description>This is a resource file that contains information regarding class 15.</description>
    </item>
    
    <item>
      <title>Class 15 Slides: Conjugate priors; choosing priors</title>
      <link>/resources/mit18_05s14_class15slides/data.json</link>
      <pubDate>Mon, 01 Jan 0001 00:00:00 +0000</pubDate>
      
      <guid>/resources/mit18_05s14_class15slides/data.json</guid>
      <description>This is a resource file that contains information regarding conjugate priors; choosing priors.</description>
    </item>
    
    <item>
      <title>Class 16 Slides: Probability intervals</title>
      <link>/resources/mit18_05s14_class16_slides/data.json</link>
      <pubDate>Mon, 01 Jan 0001 00:00:00 +0000</pubDate>
      
      <guid>/resources/mit18_05s14_class16_slides/data.json</guid>
      <description>This is a resource file that contains information regarding class 16.</description>
    </item>
    
    <item>
      <title>Class 16 Slides: Probability intervals</title>
      <link>/resources/mit18_05s14_class16slides/data.json</link>
      <pubDate>Mon, 01 Jan 0001 00:00:00 +0000</pubDate>
      
      <guid>/resources/mit18_05s14_class16slides/data.json</guid>
      <description>This is a resource file that contains information regarding probability intervals.</description>
    </item>
    
    <item>
      <title>Class 17 Slides: Frequentist methods; NHST</title>
      <link>/resources/mit18_05s14_class17_slides/data.json</link>
      <pubDate>Mon, 01 Jan 0001 00:00:00 +0000</pubDate>
      
      <guid>/resources/mit18_05s14_class17_slides/data.json</guid>
      <description>This is a resource file that contains information regarding class 17.</description>
    </item>
    
    <item>
      <title>Class 17 Slides: Frequentist methods; NHST</title>
      <link>/resources/mit18_05s14_class17slides/data.json</link>
      <pubDate>Mon, 01 Jan 0001 00:00:00 +0000</pubDate>
      
      <guid>/resources/mit18_05s14_class17slides/data.json</guid>
      <description>This is a resource file that contains information regarding frequentist methods; NHST.</description>
    </item>
    
    <item>
      <title>Class 18 Slides: NHST II: Significance level, power, t-tests</title>
      <link>/resources/mit18_05s14_class18_slides/data.json</link>
      <pubDate>Mon, 01 Jan 0001 00:00:00 +0000</pubDate>
      
      <guid>/resources/mit18_05s14_class18_slides/data.json</guid>
      <description>This is a resource file that contains information regarding class 18.</description>
    </item>
    
    <item>
      <title>Class 18 Slides: NHST II: Significance level, power, t-tests</title>
      <link>/resources/mit18_05s14_class18slides/data.json</link>
      <pubDate>Mon, 01 Jan 0001 00:00:00 +0000</pubDate>
      
      <guid>/resources/mit18_05s14_class18slides/data.json</guid>
      <description>This is a resource file that contains information regarding NHST II: significance level, power, t-tests.</description>
    </item>
    
    <item>
      <title>Class 19 Slides: NHST III: Gallery of tests</title>
      <link>/resources/mit18_05s14_class19_slides/data.json</link>
      <pubDate>Mon, 01 Jan 0001 00:00:00 +0000</pubDate>
      
      <guid>/resources/mit18_05s14_class19_slides/data.json</guid>
      <description>This is a resource file that contains information regarding class 19.</description>
    </item>
    
    <item>
      <title>Class 19 Slides: NHST III: Gallery of tests</title>
      <link>/resources/mit18_05s14_class19slides/data.json</link>
      <pubDate>Mon, 01 Jan 0001 00:00:00 +0000</pubDate>
      
      <guid>/resources/mit18_05s14_class19slides/data.json</guid>
      <description>This is a resource file that contains information regarding NHST III: gallery of tests.</description>
    </item>
    
    <item>
      <title>Class 2 Slides: Probability basics</title>
      <link>/resources/mit18_05s14_class2_slides/data.json</link>
      <pubDate>Mon, 01 Jan 0001 00:00:00 +0000</pubDate>
      
      <guid>/resources/mit18_05s14_class2_slides/data.json</guid>
      <description>This is a resource file that contains information regarding class 2.</description>
    </item>
    
    <item>
      <title>Class 2 Slides: Probability basics</title>
      <link>/resources/mit18_05s14_class2slides/data.json</link>
      <pubDate>Mon, 01 Jan 0001 00:00:00 +0000</pubDate>
      
      <guid>/resources/mit18_05s14_class2slides/data.json</guid>
      <description>This is a resource file that contains information regarding probability basics.</description>
    </item>
    
    <item>
      <title>Class 20 Slides: Comparison of Bayesian and frequentist inference</title>
      <link>/resources/mit18_05s14_class20_slides/data.json</link>
      <pubDate>Mon, 01 Jan 0001 00:00:00 +0000</pubDate>
      
      <guid>/resources/mit18_05s14_class20_slides/data.json</guid>
      <description>This is a resource file that contains information regarding class 20.</description>
    </item>
    
    <item>
      <title>Class 20 Slides: Comparison of Bayesian and frequentist inference</title>
      <link>/resources/mit18_05s14_class20slides/data.json</link>
      <pubDate>Mon, 01 Jan 0001 00:00:00 +0000</pubDate>
      
      <guid>/resources/mit18_05s14_class20slides/data.json</guid>
      <description>This is a resource file that contains information regarding comparison of bayesian and frequentist inference.</description>
    </item>
    
    <item>
      <title>Class 21 Slides: Review for exam 2</title>
      <link>/resources/mit18_05s14_class21-slides/data.json</link>
      <pubDate>Mon, 01 Jan 0001 00:00:00 +0000</pubDate>
      
      <guid>/resources/mit18_05s14_class21-slides/data.json</guid>
      <description>This is a resource file that contains information regarding class 21.</description>
    </item>
    
    <item>
      <title>Class 21 Solutions File: Review for exam 2</title>
      <link>/resources/mit18_05s14_class21-sol/data.json</link>
      <pubDate>Mon, 01 Jan 0001 00:00:00 +0000</pubDate>
      
      <guid>/resources/mit18_05s14_class21-sol/data.json</guid>
      <description>This is a resource file that contains information regarding class 21 solutions.</description>
    </item>
    
    <item>
      <title>Class 22 Slides: Confidence intervals for normal data</title>
      <link>/resources/mit18_05s14_class22-slde-a/data.json</link>
      <pubDate>Mon, 01 Jan 0001 00:00:00 +0000</pubDate>
      
      <guid>/resources/mit18_05s14_class22-slde-a/data.json</guid>
      <description>This is a resource file that contains information regarding class 22.</description>
    </item>
    
    <item>
      <title>Class 22 Slides: Confidence intervals for normal data</title>
      <link>/resources/mit18_05s14_class22slides/data.json</link>
      <pubDate>Mon, 01 Jan 0001 00:00:00 +0000</pubDate>
      
      <guid>/resources/mit18_05s14_class22slides/data.json</guid>
      <description>This is a resource file that contains information regarding confidence intervals for normal data.</description>
    </item>
    
    <item>
      <title>Class 23 Slides: Confidence intervals II</title>
      <link>/resources/mit18_05s14_class23-slde-a/data.json</link>
      <pubDate>Mon, 01 Jan 0001 00:00:00 +0000</pubDate>
      
      <guid>/resources/mit18_05s14_class23-slde-a/data.json</guid>
      <description>This is a resource file that contains information regarding class 23.</description>
    </item>
    
    <item>
      <title>Class 23 Slides: Confidence intervals II</title>
      <link>/resources/mit18_05s14_class23slides/data.json</link>
      <pubDate>Mon, 01 Jan 0001 00:00:00 +0000</pubDate>
      
      <guid>/resources/mit18_05s14_class23slides/data.json</guid>
      <description>This is a resource file that contains information regarding confidence intervals II.</description>
    </item>
    
    <item>
      <title>Class 24 Slides: Bootstrap confidence intervals</title>
      <link>/resources/mit18_05s14_class24-slde-a/data.json</link>
      <pubDate>Mon, 01 Jan 0001 00:00:00 +0000</pubDate>
      
      <guid>/resources/mit18_05s14_class24-slde-a/data.json</guid>
      <description>This is a resource file that contains information regarding class 24.</description>
    </item>
    
    <item>
      <title>Class 24 Slides: Bootstrap confidence intervals</title>
      <link>/resources/mit18_05s14_class24slides/data.json</link>
      <pubDate>Mon, 01 Jan 0001 00:00:00 +0000</pubDate>
      
      <guid>/resources/mit18_05s14_class24slides/data.json</guid>
      <description>This is a resource file that contains information regarding bootstrap confidence intervals.</description>
    </item>
    
    <item>
      <title>Class 25 Slides: Linear regression</title>
      <link>/resources/mit18_05s14_class25-slds-a/data.json</link>
      <pubDate>Mon, 01 Jan 0001 00:00:00 +0000</pubDate>
      
      <guid>/resources/mit18_05s14_class25-slds-a/data.json</guid>
      <description>This is a resource file that contains information regarding class 25.</description>
    </item>
    
    <item>
      <title>Class 25 Slides: Linear regression</title>
      <link>/resources/mit18_05s14_class25slides/data.json</link>
      <pubDate>Mon, 01 Jan 0001 00:00:00 +0000</pubDate>
      
      <guid>/resources/mit18_05s14_class25slides/data.json</guid>
      <description>This is a resource file that contains information regarding linear regression.</description>
    </item>
    
    <item>
      <title>Class 26 Problems File: Review for final exam</title>
      <link>/resources/mit18_05s14_class26-prob/data.json</link>
      <pubDate>Mon, 01 Jan 0001 00:00:00 +0000</pubDate>
      
      <guid>/resources/mit18_05s14_class26-prob/data.json</guid>
      <description>This is a resource file that contains information regarding class 26 problems.</description>
    </item>
    
    <item>
      <title>Class 26 Slides: Review for final exam</title>
      <link>/resources/mit18_05s14_class26-slides/data.json</link>
      <pubDate>Mon, 01 Jan 0001 00:00:00 +0000</pubDate>
      
      <guid>/resources/mit18_05s14_class26-slides/data.json</guid>
      <description>This is a resource file that contains information regarding class 26.</description>
    </item>
    
    <item>
      <title>Class 26 Solutions File: Review for final exam</title>
      <link>/resources/mit18_05s14_class26-sol/data.json</link>
      <pubDate>Mon, 01 Jan 0001 00:00:00 +0000</pubDate>
      
      <guid>/resources/mit18_05s14_class26-sol/data.json</guid>
      <description>This is a resource file that contains information regarding class 26 solutions.</description>
    </item>
    
    <item>
      <title>Class 27 Problems File: Review for final exam, cont&#39;d</title>
      <link>/resources/mit18_05s14_class27-prob/data.json</link>
      <pubDate>Mon, 01 Jan 0001 00:00:00 +0000</pubDate>
      
      <guid>/resources/mit18_05s14_class27-prob/data.json</guid>
      <description>This is a resource file that contains information regarding class 27 problems.</description>
    </item>
    
    <item>
      <title>Class 27 Problems: Review for final exam, cont&#39;d</title>
      <link>/resources/mit18_05s14_class27-slides/data.json</link>
      <pubDate>Mon, 01 Jan 0001 00:00:00 +0000</pubDate>
      
      <guid>/resources/mit18_05s14_class27-slides/data.json</guid>
      <description>This is a resource file that contains information regarding class 27 problems.</description>
    </item>
    
    <item>
      <title>Class 27 Solutions File: Review for final exam, cont&#39;d</title>
      <link>/resources/mit18_05s14_class27-sol/data.json</link>
      <pubDate>Mon, 01 Jan 0001 00:00:00 +0000</pubDate>
      
      <guid>/resources/mit18_05s14_class27-sol/data.json</guid>
      <description>This is a resource file that contains information regarding class 27 solutions.</description>
    </item>
    
    <item>
      <title>Class 3 Slides: Conditional probability, Bayes&#39; theorem</title>
      <link>/resources/mit18_05s14_class3_slides/data.json</link>
      <pubDate>Mon, 01 Jan 0001 00:00:00 +0000</pubDate>
      
      <guid>/resources/mit18_05s14_class3_slides/data.json</guid>
      <description>This is a resource file that contains information regarding class 3.</description>
    </item>
    
    <item>
      <title>Class 3 Slides: Conditional probability, Bayes&#39; theorem</title>
      <link>/resources/mit18_05s14_class3slides/data.json</link>
      <pubDate>Mon, 01 Jan 0001 00:00:00 +0000</pubDate>
      
      <guid>/resources/mit18_05s14_class3slides/data.json</guid>
      <description>This is a resource file that contains information regarding conditional probability, bayes&amp;rsquo; theorem.</description>
    </item>
    
    <item>
      <title>Class 4 Slides: Discrete random variables, expectation</title>
      <link>/resources/mit18_05s14_class4_slides/data.json</link>
      <pubDate>Mon, 01 Jan 0001 00:00:00 +0000</pubDate>
      
      <guid>/resources/mit18_05s14_class4_slides/data.json</guid>
      <description>This is a resource file that contains information regarding class 4.</description>
    </item>
    
    <item>
      <title>Class 4 Slides: Discrete random variables, expectation</title>
      <link>/resources/mit18_05s14_class4slides/data.json</link>
      <pubDate>Mon, 01 Jan 0001 00:00:00 +0000</pubDate>
      
      <guid>/resources/mit18_05s14_class4slides/data.json</guid>
      <description>This is a resource file that contains information regarding discrete random variables, expectation.</description>
    </item>
    
    <item>
      <title>Class 5 Slides: Gallery of continuous variables, histograms</title>
      <link>/resources/mit18_05s14_cl5contslides/data.json</link>
      <pubDate>Mon, 01 Jan 0001 00:00:00 +0000</pubDate>
      
      <guid>/resources/mit18_05s14_cl5contslides/data.json</guid>
      <description></description>
    </item>
    
    <item>
      <title>Class 5 Slides: Variance, continuous random variables</title>
      <link>/resources/mit18_05s14_cl5cont_slides/data.json</link>
      <pubDate>Mon, 01 Jan 0001 00:00:00 +0000</pubDate>
      
      <guid>/resources/mit18_05s14_cl5cont_slides/data.json</guid>
      <description>This is a resource file that contains information regarding class 5 cont.</description>
    </item>
    
    <item>
      <title>Class 5 Slides: Variance, continuous random variables</title>
      <link>/resources/mit18_05s14_class5_slides/data.json</link>
      <pubDate>Mon, 01 Jan 0001 00:00:00 +0000</pubDate>
      
      <guid>/resources/mit18_05s14_class5_slides/data.json</guid>
      <description>This is a resource file that contains information regarding class 5.</description>
    </item>
    
    <item>
      <title>Class 5 Slides: Variance, continuous random variables</title>
      <link>/resources/mit18_05s14_class5slides/data.json</link>
      <pubDate>Mon, 01 Jan 0001 00:00:00 +0000</pubDate>
      
      <guid>/resources/mit18_05s14_class5slides/data.json</guid>
      <description>This is a resource file that contains information regarding variance, continuous random variables.</description>
    </item>
    
    <item>
      <title>Class 6 Slides: Expectation, variance, law of large numbers and central limit theorem</title>
      <link>/resources/mit18_05s14_class6_slides/data.json</link>
      <pubDate>Mon, 01 Jan 0001 00:00:00 +0000</pubDate>
      
      <guid>/resources/mit18_05s14_class6_slides/data.json</guid>
      <description>This is a resource file that contains information regarding class 6.</description>
    </item>
    
    <item>
      <title>Class 6 Slides: Expectation, variance, law of large numbers and central limit theorem</title>
      <link>/resources/mit18_05s14_class6slides/data.json</link>
      <pubDate>Mon, 01 Jan 0001 00:00:00 +0000</pubDate>
      
      <guid>/resources/mit18_05s14_class6slides/data.json</guid>
      <description>This is a resource file that contains information regarding expectation, variance, law of large numbers and central limit theorem.</description>
    </item>
    
    <item>
      <title>Class 7 Slides: Joint distributions: independence, covariance and correlation</title>
      <link>/resources/mit18_05s14_class7_slides/data.json</link>
      <pubDate>Mon, 01 Jan 0001 00:00:00 +0000</pubDate>
      
      <guid>/resources/mit18_05s14_class7_slides/data.json</guid>
      <description>This is a resource file that contains information regarding class 7.</description>
    </item>
    
    <item>
      <title>Class 7 Slides: Joint distributions: independence, covariance and correlation</title>
      <link>/resources/mit18_05s14_class7slides/data.json</link>
      <pubDate>Mon, 01 Jan 0001 00:00:00 +0000</pubDate>
      
      <guid>/resources/mit18_05s14_class7slides/data.json</guid>
      <description>This is a resource file that contains information regarding joint distributions: independence, covariance and correlation.</description>
    </item>
    
    <item>
      <title>Class 8 Slides: Review for exam 1</title>
      <link>/resources/mit18_05s14_class8_slides/data.json</link>
      <pubDate>Mon, 01 Jan 0001 00:00:00 +0000</pubDate>
      
      <guid>/resources/mit18_05s14_class8_slides/data.json</guid>
      <description>This is a resource file that contains information regarding class 8.</description>
    </item>
    
    <item>
      <title>Class 8 Slides: Review for exam 1</title>
      <link>/resources/mit18_05s14_class8slides/data.json</link>
      <pubDate>Mon, 01 Jan 0001 00:00:00 +0000</pubDate>
      
      <guid>/resources/mit18_05s14_class8slides/data.json</guid>
      <description>This is a resource file that contains information regarding review for exam 1.</description>
    </item>
    
    <item>
      <title>Class Slides</title>
      <link>/pages/class-slides/data.json</link>
      <pubDate>Mon, 01 Jan 0001 00:00:00 +0000</pubDate>
      
      <guid>/pages/class-slides/data.json</guid>
      <description>Listed in the following table are the in-class slides and post-class materials for each of the class sessions. The post-class version of the slides contains the solutions to the board problems, clicker questions, and discussion questions that were posed to the students during class. It was not always the case that the end of the planned set of slides was reached in each class, so the last slides in one deck may be repeated in the next deck.</description>
    </item>
    
    <item>
      <title>Reading for Class 2: Probability: Terminology and Examples</title>
      <link>/resources/mit18_05s14_class2slideall/data.json</link>
      <pubDate>Mon, 01 Jan 0001 00:00:00 +0000</pubDate>
      
      <guid>/resources/mit18_05s14_class2slideall/data.json</guid>
      <description>This is a resource file that contains information regarding reading for class 2.</description>
    </item>
    
    <item>
      <title>Slides for Class 1: Introduction, Counting and Sets</title>
      <link>/resources/mit18_05s14_class1slideall/data.json</link>
      <pubDate>Mon, 01 Jan 0001 00:00:00 +0000</pubDate>
      
      <guid>/resources/mit18_05s14_class1slideall/data.json</guid>
      <description>This is a resource file that contains information regarding class 1.</description>
    </item>
    
  </channel>
</rss>
