{
  "title":"Image 1",
  "description": "",
  "file": "/courses/18-05-introduction-to-probability-and-statistics-spring-2014/06b6df4142b6b51c7d0d65f8a8d52466_gallery3-1.jpg",
  "learning_resource_types": [],
  "resource_type": "Image",
  "file_type": "image/jpeg",
  "image_metadata": {"caption":"In each class, we generally aimed to have two or three concept questions. For these, we showed a slide with a multiple choice question, typically related to content just discussed in a brief lecture segment. The students responded to this concept question by logging their answers via handheld clickers they brought to class.","credit":"Image courtesy of OCW.","image-alt":"A multiple choice question is shown on a projector screen. Students use handheld clickers to submit their answers."}}
