{
  "title":"HHMI Education Group Seminar: Flipping the Dice",
  "description": "",
  "file": null,
  "learning_resource_types": [],
  "resource_type": "Video",
  "file_type": null,
  "youtube_key":  "7KOwsepQcXI",
  "captions_file": "/courses/18-05-introduction-to-probability-and-statistics-spring-2014/de65d29157f6595bbfb8d48495469e81_7KOwsepQcXI.vtt",
  "transcript_file": "/courses/18-05-introduction-to-probability-and-statistics-spring-2014/3fd2b40ef2397903ae62579f6b7590b8_7KOwsepQcXI.pdf",
  "thumbnail_file": "https://img.youtube.com/vi/7KOwsepQcXI/default.jpg",
  "archive_url": "https://archive.org/download/MIT18.05S14/MIT18_05S14_hhmi_seminar_300k.mp4"}
