{
  "title":"Image 1-1",
  "description": "",
  "file": "/courses/18-05-introduction-to-probability-and-statistics-spring-2014/32b355cd881c2d8bd0e11c0d6f962667_gallery1-1.jpg",
  "learning_resource_types": [],
  "resource_type": "Image",
  "file_type": "image/jpeg",
  "image_metadata": {"caption":"This course served as an elementary introduction to probability and statistics for non-math majors who will encounter statistics in their professional lives.\n\nAs students entered the classroom for Tuesday and Thursday class sessions, they were typically greeted with an xkcd comic related to the topic(s) for the day.","credit":"Image courtesy of OCW.","image-alt":"Four students sitting at a table look up at a project screen that is showing a comic."}}
