{
  "title":"18-05s14-th.jpg",
  "description": "Bayesian updating with conjugate normal distributions. (Image by Jerry Orloff and Jonathan Bloom.)",
  "file": "/courses/18-05-introduction-to-probability-and-statistics-spring-2014/3d9d34ea049f2ce8ac14bb1d7a4f9e23_18-05s14-th.jpg",
  "learning_resource_types": [],
  "resource_type": "Image",
  "file_type": "image/jpeg",
  "image_metadata": {"caption":"Bayesian updating with conjugate normal distributions. (Image by Jerry Orloff and Jonathan Bloom.)","credit":"Image by Jerry Orloff and Jonathan Bloom.","image-alt":"A graph plot with 5 curves in different colors."}}
