{"01645f86-d111-e8fd-ca0b-e5fd46920851":"/resources/mit18_05s14_reading3/data.json","0211c967-ca51-cfe1-b3f9-69a769dc472b":"/resources/mit18_05s14_class12_slides/data.json","0232b6c8-f5b3-ed0a-7e98-827b3ef93f98":"/pages/readings/reading-questions-7b/data.json","028d27ce-b2a5-9311-585a-29b85fcd89b4":"/resources/mit18_05s14_studio4slides/data.json","02acf9c6-c77f-d888-40df-fc2265ee14ce":"/resources/mit18_05s14_class6slides/data.json","04b568b3-1e63-cfa5-c33d-fd0909492ee7":"/resources/mit18_05s14_class5prep_d/data.json","050e8dfa-dcfa-6d26-620f-ca1f873275a2":"/resources/studio6/data.json","05ad8f69-cdf6-0607-8d3a-44be35d76704":"/resources/gallery3-2/data.json","06b6df41-42b6-b51c-7d0d-65f8a8d52466":"/resources/gallery3-1/data.json","07424978-d8c3-7337-d5bc-1ea134674ad9":"/resources/mit18_05s14_ps9/data.json","07a47328-dd67-77d3-199c-d37e3d48261c":"/resources/mit18_05s14_studio3slides/data.json","0835f1da-f736-2a86-b581-28f8425e34ee":"/resources/studio12outline/data.json","0865f773-2228-ef9f-1231-48f11aedcd61":"/resources/mit18_05s14_class18slides/data.json","098108f9-0388-5cf4-5792-63476c10eed4":"/resources/mit18_05s14_ps6_solutions/data.json","09b5fbbc-eb74-b359-2a5a-6590d64ee6ec":"/resources/gallery2-1/data.json","0a2212ac-77e0-7db0-3ab8-0ae51e26a101":"/resources/mit18_05s14_ps4_solutions/data.json","0a30d639-a3b9-977d-99f0-5c059eb69af3":"/resources/mit18_05s14_studio1slides/data.json","0c69ebd2-0c54-e552-e6d2-68d8a801a710":"/resources/mit18_05s14_class2_slides/data.json","0c9cedf4-8eb7-9532-d8b9-d307ce75825b":"/resources/mit18_05s14_studio3_slides/data.json","0e50cd86-d76e-397c-976c-c37ad69640f9":"/pages/assignments/problem-set-7/data.json","0e786950-3cb9-3919-4742-afae9be60d63":"/resources/mit18_05s14_prac_exa1a_sol/data.json","1013603a-158a-a816-127a-29f2f648bc13":"/resources/timeline/data.json","110e55b2-0d78-8039-17b6-73b126792282":"/resources/mit18_05s14_reading15b/data.json","11b300b5-2868-9cba-71f9-1588d6248143":"/resources/mit18_05s14_reading17b/data.json","12233ebe-f550-072f-c1cb-c292891e2f81":"/pages/instructor-insights/challenges/data.json","139aff13-3c83-fe5e-4335-f942b0ea353c":"/resources/mit18_05s14_reading11/data.json","1423305c-9876-32ae-3be2-b0d0096865f3":"/pages/instructor-insights/readings-and-reading-questions/data.json","15c0a7d7-a1fa-b90c-a0e7-4e5bae165d4d":"/resources/mit18_05s14_class3_slides/data.json","181c27d3-5d4c-e7bb-b7d5-26f10a632e98":"/resources/mit18_05s14_prac_exa2_sol/data.json","19a09206-f86f-d3a4-56dc-d8fb0461b8d2":"/resources/18-05_classroom-1/data.json","19b816de-bc6b-9a1d-a781-873c3813d1ef":"/pages/readings/reading-questions-18/data.json","1a5c0c8e-eb50-4db1-d129-c05bd3fd0fa1":"/resources/mit18_05s14_studio2sld_sol/data.json","1a892978-8f32-7e35-8603-adb327cc541e":"/resources/mit18_05s14_prac_exam1a/data.json","1b685882-0e39-dbc6-ba03-dc47858871bd":"/pages/instructor-insights/data.json","1c5c25fb-6b9b-ae1d-6c04-7ef18eaebc03":"/resources/mit18_05s14_class15slides/data.json","1cf4c6b1-f392-8ec9-d16b-23d5c6786452":"/resources/mit18_05s14class1intro/data.json","1e433174-e3ff-0154-6d58-19178f767dbe":"/resources/mit18_05s14_ps8/data.json","1e466eca-b08f-5a39-5ad5-a12c77bb08d5":"/resources/mit18_05s14_class5_slides/data.json","1f279e32-1ff1-0437-6886-46f84e9ef313":"/pages/assignments/problem-set-1/data.json","1f88c7c7-65d2-532f-d57d-8ee719a751b3":"/resources/mit18_05s14_reading5b/data.json","20296d48-0c0e-a545-8f26-7602021470e4":"/resources/mit18_05s14_nhst/data.json","207a19ed-30f8-fde3-b10a-ff84c64e2f60":"/resources/mit18_05s14_class19_slides/data.json","229c9ad2-f686-08d9-49e1-0b7d9943113f":"/resources/mit18_05s14_reading8a/data.json","24075fad-f310-d49f-4fe3-888a9369567c":"/resources/mit18_05s14_reading14b/data.json","245b5fa3-c947-b16a-7c47-716f0cd96585":"/resources/mit18_05s14_reading2/data.json","250d5dfd-399a-5612-d232-cc337fc51fa9":"/resources/mit18_05s14_reading1b/data.json","25edccd2-4f2d-3ab4-2147-99c64691b238":"/resources/gallery4-3/data.json","286b835f-7464-b346-94ae-bdd15de5d663":"/resources/mit18_05s14_studio11slides/data.json","2998aba0-219f-1343-ee93-9647e5c4610c":"/resources/mit18_05s14_studio12slides/data.json","29cbc996-681e-82af-76bf-ef6e5fcf4557":"/resources/figc7-16/data.json","2acbdfd1-23c9-0e6c-7f8b-6112fe72cd4c":"/resources/gallery4-2/data.json","2b5072b2-7466-3565-8a0a-13ddc7d6ca57":"/resources/mit18_05s14_class12slides/data.json","2bf8ef7c-fe3f-5007-0411-4e7ed9330acb":"/resources/mit18_05s14_studio4_slides/data.json","2cd74f5d-5a1f-9202-6e67-a06a6492a0bd":"/resources/mit18_05s14_studio12_slides/data.json","2d69a0de-0f58-08a2-3880-f4a28f594d72":"/pages/instructor-insights/course-history/data.json","2e1d6069-6fea-3163-82b2-ca9b0998f83a":"/resources/mit18_05s14_studio9_slides/data.json","2ebc4137-34ec-bcb0-ee45-900a96ae5491":"/resources/mit18_05s14_class14_slides/data.json","2f99c9ba-3eab-f304-f555-d8dc481838ad":"/resources/mit18_05s14_studio9slides/data.json","30ec02eb-9400-b7ce-b191-ade5e577fac0":"/pages/instructor-insights/course-development/data.json","311ca439-afe7-5774-6b72-61ed1efc2773":"/pages/readings/reading-questions-5d/data.json","32319eba-4765-765b-81e9-84ddb4201848":"/resources/gallery4-1/data.json","32b355cd-881c-2d8b-d0e1-1c0d6f962667":"/resources/gallery1-1/data.json","32de54f9-2658-e66e-ee8e-c34c9648b916":"/resources/mit18_05s14_class27-sol/data.json","32e0bb93-53b6-3c16-313c-78b284725f61":"/resources/studio1/data.json","333c6d50-78b0-0119-da1e-37dc8662ef8d":"/resources/mit18_05s14_class27-prob/data.json","33632eed-a57e-998a-e8d6-0fd5de57a26d":"/resources/tl9/data.json","344cfc36-5c2e-5653-bd0f-dd22d08d1606":"/resources/tl4/data.json","34f1a99d-c912-2193-c437-231b1fc08afe":"/pages/calendar/data.json","3745797e-973d-57f4-bcb2-ab6e28e1badc":"/resources/mit18_05s14_exam1_sol/data.json","3876a769-ff7d-4764-1b94-468f23f85fc3":"/pages/readings/reading-questions-5c/data.json","39e490f3-e789-f70e-493d-948366635cec":"/resources/mit18_05s14_ps4/data.json","39f7b20f-0588-964b-e4aa-4bb6864a4a93":"/resources/mit18_05s14_class14slides/data.json","3bba4b05-c048-0fdb-4cac-b6a47e8df51c":"/resources/mit18_05s14_class16slides/data.json","3befc92b-56ff-e742-ed3b-2371af3df269":"/resources/hhmi-education-group-seminar-flipping-the-dice/data.json","3c62fbfe-ae8e-25cf-61a1-d89aaacf1f43":"/pages/instructor-insights/board-problems/data.json","3ce5b0f0-e530-8a7f-eed7-cecf537b314e":"/resources/mit18_05s14_reading4a/data.json","3d9d34ea-049f-2ce8-ac14-bb1d7a4f9e23":"/resources/18-05s14-th/data.json","3dcb25dc-a783-3a7c-062d-516701da5c8d":"/resources/mit18_05s14_reading5c/data.json","3e232431-40e0-cf95-a53e-ede3947b48d4":"/resources/mit18_05s14_reading1a/data.json","3ede82f7-27a0-5cb3-e35b-01820dacff02":"/resources/mit18_05s14_reading19/data.json","3f220109-a2fa-c42b-47f0-b1be29e4f8ab":"/pages/instructor-insights/trust-in-an-active-learning-classroom/data.json","3fd2b40e-f239-7903-ae62-579f6b7590b8":"/resources/7kowsepqcxi-1/data.json","413d1be9-b4ac-520d-3d8d-3e39f4a8f9b5":"/resources/mit18_05s14_studio5_slides/data.json","4165bb0e-a4e7-1690-9c1f-a78eec116ae7":"/resources/mit18_05s14_reading25/data.json","4629d5ca-97c5-9395-20d0-8364ac7804ce":"/pages/assignments/problem-set-9/data.json","46d2ef60-a5fe-e044-3970-40002266a447":"/resources/mit18_05s14_reading7b/data.json","47372cd3-e919-0e97-d65a-ddc960247454":"/pages/instructor-insights/problem-set-checker/data.json","4738c49f-7d31-0a1a-ba14-6990b0fc69dd":"/resources/tl10/data.json","4863b65e-e95d-c78b-1757-7f240ff75f43":"/pages/readings/reading-questions-for-r/data.json","49c6dd11-188a-a734-16b1-c66d57f0be85":"/resources/gallery5-2/data.json","4a403e59-85cf-cbf4-d195-fa1c822f1650":"/resources/mit18_05s14_class1slides/data.json","4a8de325-65eb-defb-b796-3b4ebda904b2":"/resources/mit18_05s14_reading10b/data.json","4ae1146f-2994-8e4c-3ae3-f8dff92c9314":"/resources/mit18_05s14_ps3_solutions/data.json","4f044355-6eed-1ef1-4440-d5d1b4a1b220":"/resources/dyuqsaqxhwu-1/data.json","4f6fd629-3f56-7248-eb59-c4f0817b6650":"/resources/mit18_05s14_reading6c/data.json","50f0eebb-ef02-f8bb-35a0-7125a199e4ff":"/resources/mit18_05s14_class7_slides/data.json","5316874c-718e-ec46-e3f3-7e424cdee94b":"/pages/readings/reading-questions-14a/data.json","5453e0d0-2bf8-d1b3-73cb-3ff9167c5d2a":"/resources/mit18_05s14_class1_slides/data.json","56534dfb-100a-c954-623a-847f60907afc":"/resources/tl13/data.json","576ea684-97e8-b6ea-c23d-b6051c2c19de":"/pages/readings/reading-questions-5b/data.json","579c055a-ccb4-eb7e-bb6b-f294146b45a5":"/pages/readings/data.json","57f41e99-bfd8-1ca0-1a80-46efc904eaf2":"/resources/mit18_05s14_class10slides/data.json","58b3986c-5d4e-1b73-903e-dbe630743ec4":"/resources/mit18_05s14_class5prep_c/data.json","5d2c06a6-85dd-91ab-ade2-ba8bc2dd97d4":"/resources/mit18_05s14_class3slides/data.json","5df57f8d-fbfd-3c93-c687-d0462026c620":"/resources/studio2outline/data.json","5e3f696f-76b6-5791-5119-281343256948":"/pages/instructor-insights/concept-questions-and-discussion/data.json","5f079298-febb-fa2d-95cb-122375cbd73e":"/resources/studio8outline/data.json","6360453c-ee3b-ccd6-8cb8-519ceb0c334c":"/pages/instructor-insights/revamping-the-course/data.json","64483952-6945-7c2c-a743-676f4a9a0783":"/resources/mit18_05s14_class4_slides/data.json","65200614-be80-c2c1-efcd-0f9f3db8c0e7":"/resources/mit18_05s14_reading12b/data.json","6525d0e9-d7a6-a5d4-ae6e-b7b45d2f4bc4":"/resources/gallery2-2/data.json","65af1b49-b5b1-d44d-ff61-5fd1b35717a7":"/resources/mit18_05s14_class21-sol/data.json","65c1eb4e-3973-0ce3-de1a-06de0ab4c3bf":"/resources/mit18_05s14_class26-slides/data.json","667866ee-4bff-b1c2-2e55-79342533c1dc":"/resources/studio11outline/data.json","66adfd4e-fb73-969e-2aa2-edc73ae3d98e":"/resources/mit18_05s14_class13_slides/data.json","69b42ac0-2410-daa5-22a2-cd217e2a5b7a":"/pages/readings/reading-questions-10b/data.json","6a3ead31-a584-d5ba-3a30-a88fe5c847f3":"/resources/mit18_05s14_exam_final/data.json","6a94f2b5-862a-842a-c9b0-d64441d43e12":"/resources/mit18_05s14_class2slides/data.json","6bf95815-6f93-6518-4810-f71b343ad1a3":"/pages/readings/reading-questions-r-intro/data.json","6c10b75b-2d6b-f7ef-d428-74e32f7d6f1c":"/resources/mit18_05s14_class1counting/data.json","6ce197eb-23ac-01ac-0db3-a4799d5dbc0b":"/pages/instructor-insights/demonstrations/data.json","6d058450-9f02-04da-6bb6-6be15141b879":"/resources/mit18_05s14_class22-slde-a/data.json","6eb56425-9556-275c-6f21-ab8a124fcd7e":"/resources/figc7-15/data.json","707e918d-091a-c513-d8a9-a515997e56dd":"/resources/mit18_05s14_cl5contslides/data.json","71b08b16-c106-5b3b-3d87-6595f6b173ee":"/resources/mit18_05s14_cl5cont_slides/data.json","72064f75-1931-af4d-a3bf-43b15352795c":"/resources/mit18_05s14_class20slides/data.json","73a6c3da-d25e-892d-0d35-82122e1c6c01":"/resources/mit18_05s14_reading6b/data.json","7518f0aa-1ee3-15ca-255f-4350b490bee3":"/pages/assignments/problem-set-5/data.json","758ceee0-d290-5d7c-5072-7d458581a3b3":"/pages/assignments/calculator-help/data.json","76224677-05b9-2974-d1a6-b658b42e83a3":"/resources/mit18_05s14_class5slides/data.json","76926c60-68c8-b18e-6ecb-48d649b15bfd":"/resources/mit18_05s14_reading20/data.json","77906546-c17e-e79e-b6e6-4194175e82ed":"/resources/mit18_05s14_reading24/data.json","77c5e33c-1267-b977-80b7-a3e4b16f8ced":"/pages/readings/reading-questions-13a/data.json","788b6153-ce75-e1be-31f0-a394ce761f32":"/pages/instructor-insights/lecture/data.json","790f92de-3244-e634-da89-3c4682247252":"/pages/readings/reading-questions-4b/data.json","795a5521-0a16-d54d-c4e8-910a0c21496f":"/pages/studio-resources/data.json","796e336a-6321-553d-1b0b-0dba2857b958":"/resources/tl2/data.json","79a290ef-627e-8f97-5fcb-f93ff869d8ec":"/resources/mit18_05s14_reading4b/data.json","79dc82ad-7707-959a-12f4-7fced61b5809":"/resources/studio4outline/data.json","7a1c8056-0c24-757d-5c9e-be36d23882be":"/pages/readings/reading-questions-12a/data.json","7af56cb7-689b-87c0-41ff-6abea26767ab":"/resources/mit18_05s14_class2slideall/data.json","7cf32123-f60b-0aaa-8af6-0365ca54dc5d":"/resources/mit18_05s14_class20_slides/data.json","7d115e8d-9231-bc06-d299-7ce3659290c6":"/resources/mit18_05s14_prafnl_exm_sol/data.json","7d3b4bde-b5ae-1f94-f70a-2948ff57456f":"/resources/mit18_05s14_studio2slides/data.json","7d6fc9de-419b-9176-934b-483146ad96a4":"/resources/mit18_05s14_ps2/data.json","7d8c6b22-5189-738d-3236-f0b98c46a2ff":"/resources/mit18_05s14_prac_exa1b/data.json","7dd389b4-c1fe-e2b0-9664-7489e9c6d38b":"/resources/mit18_05s14_class8_slides/data.json","7e42c0cd-c97a-e088-6310-0e27e9c3f4d6":"/resources/18-05_stat-students/data.json","7e4eea65-f1b5-9f1b-371c-564b5a947501":"/resources/mit18_05s14_reading5d/data.json","8105cfc1-1eaa-2e4b-6cbd-4c29b4b281c0":"/resources/mit18_05s14_reading13a/data.json","820c5508-d524-26d5-11d4-e2e7c9d452b8":"/resources/mit18_05s14_reading23a/data.json","826b085d-8474-ab7a-fe7e-1ec4e0d9ed4c":"/resources/studio12/data.json","82b5ccaf-cba7-ff24-974d-03f5f3c80c45":"/resources/mit18_05s14_prac_fnal_exm/data.json","83f82266-0aa3-b835-aa83-bb43f7822fbf":"/pages/assignments/problem-set-4/data.json","8547b5d6-707a-3d9c-b3a8-8886e8e18847":"/resources/studio5outline/data.json","858cf45d-a94a-2a3c-06df-15efde1d60e3":"/resources/gallery1-2/data.json","87029e07-7bc6-9f04-bc74-818686ebfa04":"/pages/assignments/problem-set-3/data.json","886c29bc-019f-1cb1-819c-7e00a0f86173":"/pages/assignments/problem-set-8/data.json","888efce4-7bd1-df33-fc04-4dac04f592d3":"/resources/edu_b-discussion-key/data.json","88ac3d61-a1df-cba8-11b9-045fd884d876":"/resources/mit18_05s14_reading13b/data.json","89320192-b342-3146-2534-de6c0dc7a2df":"/resources/mit18_05s14_ps5_solutions/data.json","8c8924a1-2f84-f181-7546-f557090eb6bf":"/resources/mit18_05s14_ps2_solutions/data.json","8cf186a6-d742-b3f3-1ecc-35e410fb4c8b":"/resources/18-05_classroom-2/data.json","8e170119-92ab-da81-a389-4df37df3a092":"/pages/readings/reading-questions-7a/data.json","8e63a041-d1e9-a86b-752a-6cb911d1d775":"/resources/mit18_05s14_ps5/data.json","8e833479-3092-b79c-27d0-8774c07d8926":"/resources/7kowsepqcxi/data.json","8f068c9e-8c40-1b75-f954-2dcf7997e542":"/resources/mit18_05s14_reading17a/data.json","8f2b6fc2-71f0-83a8-e41e-af357520504c":"/resources/studio3/data.json","9026f487-20ff-5084-9bba-3a3e7f961d8e":"/resources/dyuqsaqxhwu-2/data.json","9066c15e-6f5f-a807-54f0-ebf79db2097d":"/resources/mit18_05s14_class22slides/data.json","908b49c5-d01d-34aa-7dbb-5eb74408b7ee":"/pages/readings/reading-questions-11/data.json","9169638a-d13e-68e5-7116-44fadf97a173":"/resources/mit18_05s14_class15_slides/data.json","91e0c3c5-6e50-b395-7412-a752f95fb1d9":"/resources/gallery5-1/data.json","923d9074-f91f-8d6d-249b-7a2c51841426":"/resources/mit18_05s14_class18_slides/data.json","933cba30-59de-f3d7-fdda-9f307a71c8c0":"/resources/dyuqsaqxhwu/data.json","949b8f4a-cfbf-c971-3a57-c4b8f89ca821":"/pages/readings/reading-questions-6b/data.json","94cc21c8-91fa-cbe3-5ca2-1edb603fbc18":"/resources/mit18_05s14_reading16/data.json","94de8151-483a-826f-90af-93d292b79cf2":"/pages/class-slides/data.json","953d6305-fdce-3cec-67c7-855ec9b944d2":"/resources/mit18_05s14_class8slides/data.json","95c884d0-7bbf-8dfa-484c-6f781edbae2f":"/resources/tl1/data.json","965abb78-880c-26c2-31f1-55126bd1daef":"/resources/studio3outline/data.json","966f0e4c-c622-3930-ef4f-af0556473931":"/resources/studio11/data.json","96eac0bd-06d6-6e3d-2e3a-e26d2e3fe37f":"/resources/mit18_05s14_class26-sol/data.json","974f4c15-a9c6-a04d-7c25-9db893fc51fa":"/pages/readings/reading-questions-16/data.json","976210ba-8079-9a72-c8d0-623d604aac06":"/resources/mit18_05s14_class7slides/data.json","984478a8-72e7-81bd-1c50-1cc0b0dd90ac":"/resources/mit18_05s14_hhmislides/data.json","98a5762f-a899-c599-2d6f-81280bb7485a":"/resources/mit18_05s14_class19slides/data.json","98a67cf3-cfb4-ef0b-9eec-c5b92111ff83":"/resources/mit18_05s14_reading8b/data.json","99c10052-7da4-dbd8-c6c5-7e8009aa0978":"/pages/assignments/problem-set-2/data.json","9a3fdffa-7e5b-ecd8-98bc-56b6cc05bfba":"/resources/mit18_05s14_exam2/data.json","9b6d1b7e-4183-ea02-eba4-c0753c0d745d":"/resources/tl12/data.json","9b77f2fb-939b-c61f-bc57-8a01c8711c73":"/resources/studio9outline/data.json","9c06cd4e-126f-a96f-fdfc-9594eb9c0244":"/resources/mit18_05s14_reading12a/data.json","9c6c60e6-f23e-75f6-1f56-6e88b1b7a2fa":"/resources/mit18_05s14_reading22/data.json","9d9fd53c-579c-3d39-62fa-823d3f931c2b":"/resources/mit18_05s14_studio2_slides/data.json","a0e18291-fc8a-4900-454b-d7a94e2a523d":"/resources/mit18_05s14_ps6/data.json","a0e73f58-7d4b-fd20-a261-47c13c66eeaa":"/resources/mit18_05s14_studio1_slides/data.json","a1eca054-8419-85ed-6989-003dd6abbe41":"/pages/readings/reading-questions-6a/data.json","a3b80720-d701-2da0-a420-760cbd667430":"/pages/instructor-insights/clicker-questions/data.json","a4d4ed52-37df-946d-c2b1-9d114f44c277":"/pages/related-resources/data.json","a54bb455-aace-aa26-24dd-f330ed927327":"/resources/mit18_05s14_class2prep/data.json","a607d2c8-6f1e-fecd-43a2-b498d5a488da":"/pages/readings/reading-questions-15a/data.json","a9dd2ed7-b1ec-980b-61a3-acf9d555f01d":"/resources/tl7/data.json","aacc3992-aaba-7cd8-ae05-5f2067527cd7":"/resources/tl8/data.json","aaf9bdcf-8a26-4c77-9793-47a67e6bc8ba":"/pages/r-tutorial-1b-random-numbers/data.json","ab1d438a-237d-8c3c-62b1-5e07db021ca5":"/resources/mit18_05s14_class23slides/data.json","ac53cbde-5f80-dfed-cf91-80c97c88acee":"/pages/syllabus/data.json","ad4738dd-0af7-51bd-8e72-e72db511f1db":"/resources/mit18_05s14_class25slides/data.json","ad92940c-aee2-4f8f-505b-170e2d816793":"/pages/readings/reading-questions-2/data.json","ad95d694-8a5a-21e8-d68c-2ed80b877e38":"/pages/exams/data.json","adf20a8a-798f-7e25-961e-52c811dbd3b5":"/resources/mit18_05s14_class6_slides/data.json","ae4afab2-0dd6-bfe9-ac59-6eb04860488b":"/resources/mit18_05s14_ps1/data.json","afdeb873-000a-0ee4-3a85-65fbf3e7e95e":"/resources/studio5/data.json","b09c96b1-1574-9aa1-0e37-c1edf840eb0f":"/resources/sample-class/data.json","b09f8047-e250-79e5-9d37-9a4d9782b621":"/resources/mit18_05s14_reading5a/data.json","b0eddea8-adf4-4425-4896-05d2eb589684":"/pages/assignments/problem-set-6/data.json","b0fb718b-2087-b997-b567-2f47b9abee82":"/resources/mit18_05s14_reading10a/data.json","b1a8268a-1730-c8dd-0746-b67a6a341eee":"/resources/mit18_05s14_pr_ex1_lng_sol/data.json","b362f877-572d-8e5a-e654-840f3fa48797":"/resources/mit18_05s14_studio11_slides/data.json","b38b4bd8-b31c-d5d2-d2e3-1892c7649f7d":"/resources/mit18_05s14_class16_slides/data.json","b44e2239-cd2c-e936-9cf0-9dc2b7e04ec6":"/resources/studio8/data.json","b54c5123-fe11-a1a6-157d-4803e31dd84b":"/resources/mit18_05s14_class13slides/data.json","b6d1a7a2-c348-2580-b9f7-722e9caa1527":"/pages/readings/reading-questions-14b/data.json","bbc2fff1-239e-9393-be14-f53e56e13ebd":"/resources/figc13-rq1-1/data.json","bc2aecd3-3d98-1fe4-625f-a8a434a9dca7":"/resources/mit18_05s14_reading7a/data.json","bcc7c9ac-7b81-71b2-3cc4-5d69d98f83cd":"/pages/instructor-insights/co-teaching/data.json","bcfb2175-f27a-2f35-adc5-31bd3a5186d9":"/pages/instructor-insights/class-introduction/data.json","bdce40d2-5e28-ac93-9015-325e0f9edc45":"/resources/mit18_05s14_exam1/data.json","be09142a-58bb-780d-ee75-02115ee1f4b9":"/resources/mit18_05s14_prac_exa1_long/data.json","c056d700-8868-80f9-b42c-a44af9707bc1":"/resources/studio1outline/data.json","c087d0ea-b9b0-a8e6-9867-02428a46325e":"/pages/instructor-insights/targeted-readings-and-questions/data.json","c16c76a2-78bc-037b-6226-b880e87201b4":"/resources/18-05s14/data.json","c1ca9a21-7012-b341-b293-5c1959aec35c":"/resources/mit18_05s14_class17slides/data.json","c1e37153-8b8b-44a0-7bfe-2c8f9d46b90c":"/resources/figc13-rq1-3/data.json","c352da67-6eb4-c72d-00d5-9215e6924cce":"/resources/mit18_05s14_class25-slds-a/data.json","c3d694b7-a051-c9dd-250e-eb54eec0a1d7":"/resources/mit18_05s14_ps7/data.json","c3d73866-3157-0f3c-ae65-de0644e5efde":"/resources/gallery3-3/data.json","c446d076-5a7c-3943-6dad-75fffb41bd8e":"/resources/mit18_05s14_studio6_slides/data.json","c50546dd-8531-c1f2-7706-6be5e2a0ad87":"/pages/readings/reading-questions-25/data.json","c7bd52cd-1c88-1d4b-32bb-e3cfb55f58d7":"/resources/mit18_05s14_reading6a/data.json","c875906a-f482-2a9b-b3fe-d6ffa98a9c98":"/resources/mit18_05s14_studio8slides/data.json","c8acbe4f-68fb-2208-69a4-f916bfbae0ad":"/resources/ps6-post/data.json","caf31075-1097-3b4e-ce1a-70518e49f2e9":"/pages/readings/reading-questions-1b/data.json","cb312295-c055-63c8-20b3-8c9b3220ad4c":"/resources/tl5/data.json","cb9eac29-f176-22a2-9802-9af3545a1bcf":"/pages/readings/reading-questions-24/data.json","cc69f4c9-8343-619f-004b-438dbe40872a":"/resources/mit18_05s14_class24-slde-a/data.json","cd97d61e-6952-8ad3-a969-b66347aa8d52":"/resources/mit18_05s14_studio8_slides/data.json","cdc6ba31-546d-ca08-5e77-150fcc9710c7":"/resources/tl14/data.json","d09f085c-fadc-da2c-eb09-1cc93804757c":"/resources/tl6/data.json","d189578a-26fb-552f-6f6f-7ef0cf28a21e":"/resources/mit18_05s14_ps3/data.json","d2c47aaf-753c-0ee4-1f47-a8c08bd1e2fa":"/pages/readings/reading-questions-12b/data.json","d383640f-fa39-4886-c765-1b1618368a6f":"/resources/studio9/data.json","d5309817-7341-84b9-c8f4-fccba8b8d110":"/resources/mit18_05s14_class17_slides/data.json","d5b22a13-5c6c-59b0-d2d8-2ac7256c5565":"/pages/readings/reading-questions-3/data.json","d5e467ce-e7e0-a722-ff1b-05c6a84355f9":"/resources/gallery4-5/data.json","d62a6abc-1e89-cbcf-9ad8-280465a51aa7":"/resources/mit18_05s14_ps9_solutions/data.json","d6d722fe-f1c4-f36c-f252-5bfe0b4f905a":"/resources/mit18_05s14_reading14a/data.json","d858f2e1-3b87-e5e9-ae63-7985a2440b6e":"/resources/mit18_05s14_class4slides/data.json","d8e68b20-2096-e94b-6218-4ebb314adee9":"/resources/mit18_05s14_exam2_sol/data.json","da23a1cb-b077-0141-3331-078b8c330901":"/resources/mit18_05s14_class1intro/data.json","db868553-7ef9-82a7-530e-91d85fce85bf":"/resources/tl11/data.json","dbd4484d-e6ce-78d3-2975-c47049d90a2c":"/resources/studio4/data.json","dcd3abc5-eb64-3e1a-0d48-74b61e3979f1":"/resources/mit18_05s14_ps1_solutions/data.json","dd5a0fdd-7703-6e9b-7cf1-87440840af13":"/resources/mit18_05s14_prac_exa1b_sol/data.json","de14b6b5-7898-3ed2-47a2-7c1ef09e0094":"/resources/mit18_05s14_ps7_solutions/data.json","de20c32e-b561-c544-3169-1a1af97b25cc":"/resources/mit18_05s14_class10_slides/data.json","de65d291-57f6-595b-bfb8-d48495469e81":"/resources/7kowsepqcxi-2/data.json","dfbfbbba-b493-ae11-077c-12aafd6aedbc":"/resources/mit18_05s14_class24slides/data.json","e03d8309-8b8b-cf29-465b-701d399a6692":"/pages/readings/reading-questions-4a/data.json","e33a33ee-27fc-93a5-d795-0fd626aca8e3":"/resources/mit18_05s14_class11_slides/data.json","e4ae022a-2a88-213d-dca8-9f6e161098c9":"/resources/mit18_05s14_reading23b/data.json","e4f84c80-4eda-51c1-cbe5-b150bae38f18":"/pages/readings/reading-questions-5a/data.json","e612a220-f47d-26cb-1df4-1379920545d8":"/pages/instructor-insights/a-unified-curriculum-with-bayesian-statistics/data.json","e6651c39-6a10-4efb-2892-cef60d96200d":"/resources/mit18_05s14_class23-slde-a/data.json","e77a7bd7-1572-00e9-6207-bb9280d247ac":"/pages/readings/reading-questions-19/data.json","e791a63c-d86f-2da9-c9fc-5efdb6b2f341":"/resources/gallery4-4/data.json","ea2ab54b-606a-47dd-a91a-1b0b7743732d":"/pages/r-tutorial-1a-basics/data.json","ea3ba020-30e4-6bfc-7304-a8e850ca0edd":"/resources/mit18_05s14_distributtable/data.json","ec20ddb3-b017-0e82-8c1b-339f650dc22f":"/pages/readings/reading-questions-17b/data.json","ec4fa823-a5e5-74fa-19a4-135bfe374168":"/resources/tl3/data.json","ec6dc60e-4515-e8a2-cf64-a89344ebf68d":"/resources/mit18_05s14_studio5slides/data.json","f089d66e-035f-58a6-4785-3e074dd5d862":"/resources/mit18_05s14_class11slides/data.json","f183a74a-e540-f64e-1bd9-ff1172bae7e4":"/resources/mit18_05s14_exam_final_sol/data.json","f265cfd1-77f6-2963-d0c5-1227c4e2dee5":"/pages/readings/reading-questions-22/data.json","f33703aa-15e3-e310-b80c-f96ae2afc2e7":"/resources/mit18_05s14_class26-prob/data.json","f5cffb9e-b5ca-110c-d921-33292fc2a5a6":"/resources/mit18_05s14_reading15a/data.json","f6927f41-97af-827b-c1c5-8d530646c69e":"/pages/readings/reading-questions-10a/data.json","f8d250cc-6f6a-8011-5737-309a2ca1308b":"/resources/mit18_05s14_ps8_solutions/data.json","f8edc081-e8ee-af1f-1459-2b3eea1dd88f":"/resources/mit18_05s14_studio6slides/data.json","f96908df-0eb6-6085-ddb0-67876535d13e":"/resources/figc13-rq1-2/data.json","f9bb429e-7059-4b85-0039-fefd44716eb5":"/resources/studio6outline/data.json","fb969306-0429-2d31-78ae-eb1e76a7014b":"/resources/mit18_05s14_class27-slides/data.json","fb9bdc8e-a76d-cbb4-da3f-ba11a6eb0ab7":"/resources/mit18_05s14_reading18/data.json","fbf78254-3a4e-f432-1fa1-e77d276e6d80":"/resources/mit18_05s14_class1slideall/data.json","fc2399b1-8494-3fde-c665-9dd4f16ad9a3":"/resources/studio1birthdays/data.json","fc676de2-8462-bbc0-ea59-982db2a4f65a":"/resources/studio2/data.json","fc8aff4d-6b41-f21c-4656-e951f806258d":"/resources/mit18_05s14_class21-slides/data.json","fd36d760-33e2-c132-8aec-811a6d9d2fde":"/resources/mit18_05s14_prac_exam2/data.json","fed85a98-064c-2e2a-4378-f3f7549df9b8":"/pages/assignments/data.json"}