{
  "title":"Sample Class: Class 11–Bayesian Updating: Discrete Priors",
  "description": "",
  "file": null,
  "learning_resource_types": [],
  "resource_type": "Video",
  "file_type": null,
  "youtube_key":  "DyuQsaqXhwU",
  "captions_file": "/courses/18-05-introduction-to-probability-and-statistics-spring-2014/9026f48720ff50849bba3a3e7f961d8e_DyuQsaqXhwU.vtt",
  "transcript_file": "/courses/18-05-introduction-to-probability-and-statistics-spring-2014/4f0443556eed1ef14440d5d1b4a1b220_DyuQsaqXhwU.pdf",
  "thumbnail_file": "https://img.youtube.com/vi/DyuQsaqXhwU/default.jpg",
  "archive_url": "https://archive.org/download/MIT18.05S14/MIT18_05S14_class12_300k.mp4"}
