{
  "title":"Image 5-1",
  "description": "",
  "file": "/courses/18-05-introduction-to-probability-and-statistics-spring-2014/91e0c3c56e50b3957412a752f95fb1d9_gallery5-1.jpg",
  "learning_resource_types": [],
  "resource_type": "Image",
  "file_type": "image/jpeg",
  "image_metadata": {"caption":"In many class meetings, we illustrated concepts using physical objects. Sometimes, this was in the form of an instructor-led demonstration in front of all of the students. We often asked students to participate by helping to run the demonstration, make guesses about outcomes, or explain their ideas.\n\nThe students were also each given a bag of dice, and these dice were used for experiments and data collection.\n\nIn the demonstration pictured here, (will fill in later with description from Jon.)","credit":"Image courtesy of OCW.","image-alt":"Students seated at round tables raise their hands. One projector screen shows a slide and one projector screen shows a set of dice."}}
