{
  "title":"Image 3",
  "description": "",
  "file": "/courses/18-05-introduction-to-probability-and-statistics-spring-2014/c3d7386631570f3cae65de0644e5efde_gallery3-3.jpg",
  "learning_resource_types": [],
  "resource_type": "Image",
  "file_type": "image/jpeg",
  "image_metadata": {"caption":"We often discussed these questions as a whole class in order to identify key reasons why students chose each of the most popular answers. When there was clear and immediate consensus, we kept our explanation brief or immediately moved on.","credit":"Image courtesy of OCW.","image-alt":"An instructor stands at a whiteboard while students sit at a round table. The instructor is filmed by a ceiling-mounted camera and the recording is live-streamed on screens around the classroom. Alternate screens show a slide."}}
